"1","Shankar Kundi","shankar.kundi@fission.it","8236054882","9340459664","localhost","2020-03-18","1200","2020-03-30",,"2020-03-29 12:51:41"
"2","Shankar Kundi","shankar.kundi@fission.it","8236054882","45454545","localhost","2020-03-17","1200","2020-03-11","angular_docs2.docx","2020-03-29 14:01:48"
"3","rohit","rohit@gmail.com","5455113212","21213212","localhost","2020-03-11","454","2020-03-24","linkswatch_task.xlsx","2020-03-29 14:06:54"
"9","Virat Kohli","virat@gmail.com","1234567890","9876543219","viratk.com","2020-03-30","1000","2020-03-29","angular_docs8.docx","2020-03-29 15:17:09"
"10","Lokesh Sahu","lokesh@gmail.com","1236547891","2122121212","lokeshk.com","2020-03-01","1200","2020-03-29","angular_docs9.docx","2020-03-29 15:18:38"
"11","sachin","sachin@gmail.com","9874561230","878887878778","sachin.com","2020-03-29","1200","2020-03-28","linkswatch_task.xlsx","2020-03-29 15:23:43"
"12","sourav Ganguly","sourav@gmail.com","4564545545","545454545","bkkjh","2020-03-24","54545","2020-03-09","linkswatch_task1.xlsx","2020-03-29 15:26:31"
"13","Tanu",,"0","0",,"0000-00-00",,"0000-00-00",,"2020-03-29 15:27:39"
"14","jkhdjfhskjd",,"0","0",,"0000-00-00",,"0000-00-00",,"2020-03-29 15:29:54"
"15","hello",,"0","0",,"0000-00-00",,"0000-00-00",,"2020-03-29 15:31:34"
"16","hello",,"0","0",,"0000-00-00",,"0000-00-00",,"2020-03-29 15:32:25"
"17","hello",,"0","0",,"0000-00-00",,"0000-00-00",,"2020-03-29 15:32:45"
"18","Tanuja","tanuja@gmail.com","555454545","54555454","jjsdhfjkh","2020-03-23","1200","2020-03-09",,"2020-03-29 15:33:32"
"19","Iswar ","iswar@gmail.com","9874563219","1212121212","iswar.com","2020-03-29","basic","2020-03-23","linkswatch_task2.xlsx","2020-03-29 16:41:09"
